Account_Name,Employee_Lastname,Salary
dasdasd,Lastname1232,1
AccName2,Lastname22332,1.02
dasdasd,asdasd,1.02
AccName,Lastname3,11111
AccName4,Lastname4,1.01
dasdasd,Lastname232Lastname232Lastname232Lastname232Lastname232Lastname232Lastname232Lastname232Lastname232Lastname232Lastname232Lastname232Lastname232Lastname232Lastname232Lastname232Lastname232Lastname232Lastname232Lastname232Lastname232Lastname232Lastname232Lastname232Lastname232Lastname232Lastname232Lastname232Lastname232Lastname232Lastname232Lastname232Lastname232Lastname232Lastname232Lastname232Lastname232Lastname232Lastname232Lastname232Lastname232Lastname232Lastname232Lastname232Lastname232Lastname232Lastname232Lastname232Lastname232Lastname232Lastname232Lastname232Lastname232Lastname232Lastname232Lastname232Lastname232Lastname232Lastname232Lastname232Lastname232Lastname232Lastname232Lastname232Lastname232Lastname232Lastname232Lastname232Lastname232Lastname232Lastname232Lastname232Lastname232Lastname232Lastname232Lastname232Lastname232Lastname232Lastname232Lastname232Lastname232,1.01
AccName6,Lastname6,1.01
AccName7AccName7AccName7AccName7AccName7AccName7AccName7AccName7AccName7AccName7AccName7AccName7AccName7AccName7AccName7AccName7AccName7AccName7AccName7AccName7AccName7AccName7AccName7AccName7AccName7AccName7AccName7AccName7AccName7AccName7AccName7AccName7AccName7AccName7AccName7AccName7AccName7AccName7AccName7AccName7AccName7AccName7AccName7AccName7AccName7AccName7AccName7AccName7AccName7AccName7AccName7AccName7AccName7AccName7AccName7AccName7AccName7AccName7AccName7AccName7AccName7AccName7AccName7AccName7AccName7AccName7AccName7AccName7AccName7AccName7AccName7AccName7AccName7AccName7AccName7AccName7AccName7AccName7AccName7AccName7AccName7AccName7AccName7AccName7AccName7AccName7AccName7AccName7AccName7AccName7AccName7AccName7AccName7AccName7AccName7AccName7AccName7AccName7AccName7AccName7AccName7AccName7AccName7AccName7AccName7AccName7AccName7AccName7AccName7AccName7AccName7AccName7AccName7AccName7AccName7AccName7AccName7AccName7AccName7AccName7AccName7AccName7AccName7AccName7AccName7AccName7AccName7AccName7AccName7AccName7AccName7AccName7AccName7AccName7AccName7AccName7AccName7AccName7AccName7AccName7AccName7AccName7AccName7AccName7AccName7AccName7AccName7AccName7AccName7AccName7AccName7AccName7AccName7AccName7AccName7AccName7AccName7AccName7AccName7AccName7AccName7AccName7AccName7AccName7AccName7AccName7AccName7AccName7AccName7AccName7AccName7AccName7AccName7AccName7AccName7AccName7AccName7AccName7AccName7AccName7AccName7AccName7AccName7AccName7AccName7AccName7AccName7AccName7AccName7AccName7AccName7AccName7AccName7AccName7AccName7AccName7AccName7AccName7AccName7AccName7AccName7AccName7AccName7AccName7AccName7AccName7AccName7AccName7AccName7AccName7AccName7AccName7AccName7AccName7AccName7AccName7AccName7AccName7AccName7AccName7AccName7AccName7AccName7AccName7AccName7AccName7AccName7AccName7AccName7AccName7AccName7AccName7AccName7AccName7AccName7AccName7AccName7AccName7AccName7AccName7AccName7AccName7AccName7AccName7AccName7AccName7AccName7AccName7AccName7AccName7AccName7AccName7AccName7AccName7AccName7,Lastname7,91.31
AccName1,Lastname8,1.23
AccName1,Lastname9,32.84
AccName1,Lastname10,5
AccName4,Lastname443,5.01
AccName4,Lastname11,19
AccName4,Lastname14,442
AccName321312,Lastname14,442
Testinis,Lastname14,442
dasdasd,asdasdasc,312312
